[
  {
    "title": "General Knowledge",
    "description": "Test your general knowledge!",
    "image": "pkg:/images/correct_bg.png",
    "questions": [
      {
        "question": "What is the capital of France?",
        "answers": ["Paris", "London", "Berlin", "Rome"],
        "correctIndex": 0
      },
      {
        "question": "Which color is a banana when ripe?",
        "answers": ["Red", "Yellow", "Blue", "Green"],
        "correctIndex": 1
      }
    ]
  },
  {
    "title": "Science",
    "description": "Explore the wonders of science.",
    "image": "pkg:/images/correct_bg.png",
    "questions": [
      {
        "question": "What planet is known as the Red Planet?",
        "answers": ["Mars", "Venus", "Jupiter", "Saturn"],
        "correctIndex": 0
      },
      {
        "question": "What is H2O commonly known as?",
        "answers": ["Oxygen", "Hydrogen", "Water", "Salt"],
        "correctIndex": 2
      }
    ]
  },
  {
    "title": "History",
    "description": "Dive into historical facts.",
    "image": "pkg:/images/correct_bg.png",
    "questions": [
      {
        "question": "Who was the first President of the United States?",
        "answers": ["George Washington", "Abraham Lincoln", "John Adams", "Thomas Jefferson"],
        "correctIndex": 0
      },
      {
        "question": "In which year did World War II end?",
        "answers": ["1945", "1939", "1918", "1963"],
        "correctIndex": 0
      }
    ]
  },
  {
    "title": "Geography",
    "description": "World, countries, and places.",
    "image":"pkg:/images/correct_bg.png",
    "questions": [
      {
        "question": "Which is the largest ocean?",
        "answers": ["Pacific", "Atlantic", "Indian", "Arctic"],
        "correctIndex": 0
      },
      {
        "question": "Mount Everest is located in which mountain range?",
        "answers": ["Andes", "Rockies", "Himalayas", "Alps"],
        "correctIndex": 2
      }
    ]
  },
  {
    "title": "Sports",
    "description": "For the sports enthusiasts.",
    "image": "pkg:/images/correct_bg.png",
    "questions": [
      {
        "question": "How many players in a soccer team?",
        "answers": ["11", "9", "7", "5"],
        "correctIndex": 0
      },
      {
        "question": "Which country won the FIFA World Cup in 2018?",
        "answers": ["Brazil", "Germany", "France", "Argentina"],
        "correctIndex": 2
      }
    ]
  },
  {
    "title": "Movies",
    "description": "Cinema and film trivia.",
    "image": "pkg:/images/correct_bg.png",
    "questions": [
      {
        "question": "Who directed 'Jurassic Park'?",
        "answers": ["Steven Spielberg", "James Cameron", "George Lucas", "Tim Burton"],
        "correctIndex": 0
      },
      {
        "question": "Which movie features the song 'Let It Go'?",
        "answers": ["Frozen", "Moana", "Tangled", "Brave"],
        "correctIndex": 0
      }
    ]
  },
  {
    "title": "Music",
    "description": "Notes, artists, and songs.",
    "image": "pkg:/images/correct_bg.png",
    "questions": [
      {
        "question": "Who is known as the King of Pop?",
        "answers": ["Michael Jackson", "Elvis Presley", "Prince", "Freddie Mercury"],
        "correctIndex": 0
      },
      {
        "question": "Which instrument has 88 keys?",
        "answers": ["Guitar", "Piano", "Violin", "Flute"],
        "correctIndex": 1
      }
    ]
  },
  {
    "title": "Literature",
    "description": "Books and famous authors.",
    "image": "pkg:/images/correct_bg.png",
    "questions": [
      {
        "question": "Who wrote 'Romeo and Juliet'?",
        "answers": ["William Shakespeare", "Jane Austen", "Mark Twain", "Charles Dickens"],
        "correctIndex": 0
      },
      {
        "question": "'The Hobbit' was written by?",
        "answers": ["J.K. Rowling", "J.R.R. Tolkien", "C.S. Lewis", "George R.R. Martin"],
        "correctIndex": 1
      }
    ]
  },
  {
    "title": "Technology",
    "description": "Gadgets, IT, and more.",
    "image": "pkg:/images/correct_bg.png",
    "questions": [
      {
        "question": "What does 'CPU' stand for?",
        "answers": ["Central Processing Unit", "Computer Power Unit", "Central Print Unit", "Control Processing Unit"],
        "correctIndex": 0
      },
      {
        "question": "Which company created the iPhone?",
        "answers": ["Google", "Apple", "Microsoft", "Samsung"],
        "correctIndex": 1
      }
    ]
  },
  {
    "title": "Food & Drink",
    "description": "Culinary questions.",
    "image": "pkg:/images/correct_bg.png"   ,
    "questions": [
      {
        "question": "Which fruit is used to make wine?",
        "answers": ["Grapes", "Apples", "Oranges", "Bananas"],
        "correctIndex": 0
      },
      {
        "question": "Sushi is a cuisine from which country?",
        "answers": ["China", "Japan", "Korea", "Thailand"],
        "correctIndex": 1
      }
    ]
  }
] 