[
  {
    "title": "General Knowledge",
    "description": "Test your general knowledge!",
    "image": "pkg:/images/TriviaTaster.png",
    "questions": [
      {
        "question": "What is the capital of France?",
        "answers": ["          Paris", "          London", "          Berlin", "          Rome"],
        "correctIndex": 0,
        "funfact": "Paris is known as the City of Light."
      },
      {
        "question": "Which color is a banana when ripe?",
        "answers": ["          Red", "          Yellow", "          Blue", "          Green"],
        "correctIndex": 1,
        "funfact": "Bananas turn yellow as they ripen due to the breakdown of chlorophyll."
      }
    ]
  },
  {
    "title": "Science",
    "description": "Explore the wonders of science.",
    "image": "pkg:/images/AmericanAdventure.png", 
    "questions": [
      {
        "question": "What planet is known as the Red Planet?",
        "answers": ["          Mars", "          Venus", "          Jupiter", "          Saturn"],
        "correctIndex": 0,
        "funfact": "Mars is often called the Red Planet because of its iron oxide (rust) surface."
      },
      {
        "question": "What is H2O commonly known as?",
        "answers": ["          Oxygen", "          Hydrogen", "          Water", "          Salt"],
        "correctIndex": 2,
        "funfact": "H2O is commonly known as water, which is essential for life on Earth."
      }
    ]
  },
  {
    "title": "History",
    "description": "Dive into historical facts.",
    "image": "pkg:/images/Sports.png",
    "questions": [
      {
        "question": "Who was the first President of the United States?",
        "answers": ["          George Washington", "          Abraham Lincoln", "          John Adams", "          Thomas Jefferson"],
        "correctIndex": 0,
        "funfact": "George Washington was unanimously elected as the first President of the United States."
      },
      {
        "question": "In which year did World War II end?",
        "answers": ["          1945", "          1939", "          1918", "          1963"],
        "correctIndex": 0,
        "funfact": "World War II officially ended on September 2, 1945, when Japan surrendered to the Allies."
      }
    ]
  },
  {
    "title": "Geography",
    "description": "World, countries, and places.",
    "image":"pkg:/images/BrainyBasics.png",
    "questions": [
      {
        "question": "Which is the largest ocean?",
        "answers": ["          Pacific", "          Atlantic", "          Indian", "          Arctic"],
        "correctIndex": 0,
        "funfact": "The Pacific Ocean is the largest ocean on Earth, covering approximately 63,800,000 square miles."
      },
      {
        "question": "Mount Everest is located in which mountain range?",
        "answers": ["          Andes", "          Rockies", "          Himalayas", "          Alps"],
        "correctIndex": 2,
        "funfact": "Mount Everest is the highest point on Earth, located in the Himalayas in Nepal and China."
      }
    ]
  },
  {
    "title": "Sports",
    "description": "For the sports enthusiasts.",
    "image": "pkg:/images/5thGrader.png",
    "questions": [
      {
        "question": "How many players in a soccer team?",
        "answers": ["          11", "          9", "          7", "          5"],
        "correctIndex": 0,
        "funfact": "A soccer team typically consists of 11 players, including 1 goalkeeper, 4 defenders, 3 midfielders, and 3 forwards."
      },
      {
        "question": "Which country won the FIFA World Cup in 2018?",
        "answers": ["          Brazil", "          Germany", "          France", "          Argentina"],
        "correctIndex": 2,
        "funfact": "France won the FIFA World Cup in 2018, defeating Croatia 4-2 in the final."
      }
    ]
  },
  {
    "title": "Movies",
    "description": "Cinema and film trivia.",
    "image": "pkg:/images/TheGreat.png",
    "questions": [
      {
        "question": "Who directed 'Jurassic Park'?",
        "answers": ["          Steven Spielberg", "          James Cameron", "          George Lucas", "          Tim Burton"],
        "correctIndex": 0,
        "funfact": "Steven Spielberg directed 'Jurassic Park' in 1993, based on Michael Crichton's novel."
      },
      {
        "question": "Which movie features the song 'Let It Go'?",
        "answers": ["          Frozen", "          Moana", "          Tangled", "          Brave"],
        "correctIndex": 0,
        "funfact": "The song 'Let It Go' from 'Frozen' was written by Kristen Anderson-Lopez and Robert Lopez."
      }
    ]
  },
  {
    "title": "Music",
    "description": "Notes, artists, and songs.",
    "image": "pkg:/images/RiddleMe.png",
    "questions": [
      {
        "question": "Who is known as the King of Pop?",
        "answers": ["          Michael Jackson", "          Elvis Presley", "          Prince", "          Freddie Mercury"],
        "correctIndex": 0,
        "funfact": "Michael Jackson is widely regarded as the King of Pop, known for his innovative dance moves and iconic songs."
      },
      {
        "question": "Which instrument has 88 keys?",
        "answers": ["          Guitar", "          Piano", "          Violin", "          Flute"],
        "correctIndex": 1,
        "funfact": "A piano has 88 keys, ranging from A0 (27.5 Hz) to C8 (4186 Hz), covering seven octaves."
      }
    ]
  },
  {
    "title": "Literature",
    "description": "Books and famous authors.",
    "image": "pkg:/images/Pop.png",
    "questions": [
      {
        "question": "Who wrote 'Romeo and Juliet'?",
        "answers": ["          William Shakespeare", "          Jane Austen", "          Mark Twain", "          Charles Dickens"],
        "correctIndex": 0,
        "funfact": "William Shakespeare wrote 'Romeo and Juliet' in 1595, one of his most famous tragedies."
      },
      {
        "question": "'The Hobbit' was written by?",
        "answers": ["          J.K. Rowling", "          J.R.R. Tolkien", "          C.S. Lewis", "          George R.R. Martin"],
        "correctIndex": 1,
        "funfact": "J.R.R. Tolkien wrote 'The Hobbit' in 1937, a prequel to his epic fantasy series, 'The Lord of the Rings'."
      }
    ]
  },
  {
    "title": "Technology",
    "description": "Gadgets, IT, and more.",
    "image": "pkg:/images/Legends.png",
    "questions": [
      {
        "question": "What does 'CPU' stand for?",
        "answers": ["          Central Processing Unit", "          Computer Power Unit", "          Central Print Unit", "          Control Processing Unit"],
        "correctIndex": 0,
        "funfact": "CPU stands for Central Processing Unit, the brain of a computer."
      },
      {
        "question": "Which company created the iPhone?",
        "answers": ["          Google", "          Apple", "          Microsoft", "          Samsung"],
        "correctIndex": 1,
        "funfact": "Apple Inc. created the iPhone in 2007, revolutionizing the smartphone industry."
      }
    ]
  },
  {
    "title": "Food & Drink",
    "description": "Culinary questions.",
    "image": "pkg:/images/Kids.png"   ,
    "questions": [
      {
        "question": "Which fruit is used to make wine?",
        "answers": ["          Grapes", "          Apples", "          Oranges", "          Bananas"],
        "correctIndex": 0,
        "funfact": "Grapes are the primary fruit used to make wine, particularly red and white wines."
      },
      {
        "question": "Sushi is a cuisine from which country?",
        "answers": ["          China", "          Japan", "          Korea", "          Thailand"],
        "correctIndex": 1,
        "funfact": "Sushi is a traditional Japanese dish, consisting of vinegared rice and various ingredients."
      }
    ]
  }
] 