<?xml version="1.0" encoding="UTF-8" ?>
<component name="FunFactPanel" extends="Group">
    <interface>
        <field id="funfact" type="string" onChange="onFunFactChanged" />
        <field id="onContinue" type="boolean" alwaysNotify="true" />
    </interface>
    <children>
        <Rectangle width="1280" height="720" color="0x000000E0" />
        <Label id="titleLabel" text="Fun Fact!" translation="[0, 200]" width="1280" height="80" horizAlign="center" vertAlign="center" color="0xFFD700FF" />
        <Label id="factLabel" text="" translation="[140, 320]" width="1000" height="200" horizAlign="center" vertAlign="center" color="0xFFFFFFFF" />
        <Label id="continueLabel" text="Press OK to continue" translation="[0, 550]" width="1280" height="60" horizAlign="center" vertAlign="center" color="0xFFD700FF" />
    </children>
    <script type="text/brightscript" uri="FunFactPanel.brs" />
</component> 